date;symbol_x;quot;base;side;price;target;closed;id;symbol_y;bidPrice;askPrice;profit_in_%;profit_in_$
2020-01-05 11:20:04+00:00;BTC_MCO;BTC;MCO;buy;0.0005705;0.00057906;False;79073;MCOBTC;0.0005685;0.0005701;-0.350569675723051;-0.0350569675723051
2020-01-05 11:17:05+00:00;ETH_XZC;ETH;XZC;buy;0.022238;0.02257158;False;79064;XZCETH;0.022178;0.022298;-0.26980843601045024;-0.026980843601045024
2020-01-05 11:14:04+00:00;BNB_BEAM;BNB;BEAM;buy;0.0386;0.03917901;False;79057;BEAMBNB;0.03818;0.03858;-1.0880829015544151;-0.10880829015544151
2020-01-05 11:13:07+00:00;BTC_QSP;BTC;QSP;buy;1.31e-06;1.33e-06;False;79062;QSPBTC;1.3e-06;1.31e-06;-0.7633587786259568;-0.07633587786259569
2020-01-01 15:37:07+00:00;BTC_QSP;BTC;QSP;buy;1.34e-06;1.37e-06;False;77519;QSPBTC;1.3e-06;1.31e-06;-2.985074626865682;-0.2985074626865682
2020-01-05 11:10:11+00:00;USDT_MCO;USDT;MCO;buy;4.24;4.3036;False;79071;MCOUSDT;4.225;4.238;-0.35377358490566735;-0.03537735849056674
2020-01-05 11:07:12+00:00;BTC_SNT;BTC;SNT;buy;1.23e-06;1.25e-06;False;79069;SNTBTC;1.21e-06;1.22e-06;-1.6260162601626007;-0.16260162601626008
2020-01-01 12:57:35+00:00;BTC_SNT;BTC;SNT;buy;1.29e-06;1.31e-06;False;77465;SNTBTC;1.21e-06;1.22e-06;-6.201550387596882;-0.6201550387596881
2020-01-05 11:04:12+00:00;BNB_ALGO;BNB;ALGO;buy;0.01668;0.01693021;False;79068;ALGOBNB;0.01656;0.01664;-0.7194244604316538;-0.07194244604316538
2020-01-05 11:02:12+00:00;BTC_ELF;BTC;ELF;buy;7.17e-06;7.28e-06;False;79067;ELFBTC;7.12e-06;7.15e-06;-0.697350069735009;-0.06973500697350091
2020-01-05 10:56:07+00:00;BTC_POLY;BTC;POLY;buy;2.41e-06;2.45e-06;False;79058;POLYBTC;2.4e-06;2.41e-06;-0.4149377593360981;-0.04149377593360981
2020-01-05 10:52:12+00:00;BTC_ZEC;BTC;ZEC;buy;0.004084;0.00414527;False;79063;ZECBTC;0.004117;0.00412;0.8080313418217457;0.08080313418217458
2020-01-05 10:51:12+00:00;USDT_XMR;USDT;XMR;buy;51.98;52.7597;False;79061;XMRUSDT;52.31;52.35;0.6348595613697654;0.06348595613697654
2020-01-05 10:48:12+00:00;USDT_STX;USDT;STX;buy;0.0934;0.09480101;False;79059;STXUSDT;0.0934;0.0936;0.0;0.0
2019-12-30 04:52:08+00:00;USDT_STX;USDT;STX;buy;0.1037;0.1052555;False;76578;STXUSDT;0.0934;0.0936;-9.932497589199613;-0.9932497589199614
2020-01-05 10:45:07+00:00;ETH_EOS;ETH;EOS;buy;0.019804;0.02010106;False;79056;EOSETH;0.019824;0.019848;0.10098969905071442;0.010098969905071442
2020-01-01 05:40:39+00:00;ETH_EOS;ETH;EOS;buy;0.020085;0.02038628;False;77352;EOSETH;0.019824;0.019848;-1.299477221807308;-0.1299477221807308
2020-01-05 10:35:40+00:00;ETH_EDO;ETH;EDO;buy;0.001482;0.00150423;False;79055;EDOETH;0.001477;0.001485;-0.33738191632929215;-0.03373819163292922
2020-01-05 10:23:40+00:00;BTC_GVT;BTC;GVT;buy;0.00013419999999999998;0.00013622;False;79053;GVTBTC;0.0001346;0.0001348;0.2980625931445644;0.02980625931445644
2020-01-05 09:46:11+00:00;BTC_XTZ;BTC;XTZ;buy;0.0001692;0.00017174;False;79047;XTZBTC;0.000169;0.0001691;-0.11820330969267445;-0.011820330969267445
2020-01-01 21:27:38+00:00;BTC_XTZ;BTC;XTZ;buy;0.0001895;0.00019235;False;77599;XTZBTC;0.000169;0.0001691;-10.817941952506601;-1.08179419525066
2020-01-05 09:46:07+00:00;BTC_REP;BTC;REP;buy;0.001252;0.00127079;False;79046;REPBTC;0.001257;0.001258;0.3993610223642179;0.039936102236421786
2020-01-05 09:43:05+00:00;BNB_XZC;BNB;XZC;buy;0.2155;0.21873251;False;79043;XZCBNB;0.2137;0.2155;-0.8352668213457122;-0.08352668213457122
2020-01-05 09:41:07+00:00;USDT_THETA;USDT;THETA;buy;0.09515;0.09657725;False;79044;THETAUSDT;0.09376;0.09417;-1.4608512874408888;-0.14608512874408888
2020-01-05 09:33:05+00:00;BTC_XZC;BTC;XZC;buy;0.0004069;0.00041301;False;79042;XZCBTC;0.0004026;0.0004041;-1.0567707053330224;-0.10567707053330225
2020-01-01 12:59:34+00:00;BTC_XZC;BTC;XZC;buy;0.0004224;0.00042874;False;77466;XZCBTC;0.0004026;0.0004041;-4.6875;-0.46875
2020-01-05 09:29:05+00:00;BTC_DUSK;BTC;DUSK;buy;5.36e-06;5.45e-06;False;79041;DUSKBTC;5.36e-06;5.38e-06;0.0;0.0
2020-01-01 11:22:07+00:00;BTC_DUSK;BTC;DUSK;buy;5.88e-06;5.97e-06;False;77440;DUSKBTC;5.36e-06;5.38e-06;-8.84353741496598;-0.884353741496598
2020-01-05 09:22:08+00:00;BNB_BTT;BNB;BTT;buy;2.129e-05;2.161e-05;False;79038;BTTBNB;2.104e-05;2.106e-05;-1.1742602160638853;-0.11742602160638853
2019-12-30 16:42:08+00:00;BNB_BTT;BNB;BTT;buy;2.242e-05;2.276e-05;False;76760;BTTBNB;2.104e-05;2.106e-05;-6.155218554861719;-0.6155218554861719
2020-01-05 09:06:05+00:00;ETH_VET;ETH;VET;buy;4.14e-05;4.203e-05;False;79036;VETETH;4.113e-05;4.127e-05;-0.6521739130434696;-0.06521739130434696
2019-12-29 08:51:39+00:00;ETH_VET;ETH;VET;buy;4.504e-05;4.572e-05;False;76248;VETETH;4.113e-05;4.127e-05;-8.681172291296619;-0.8681172291296619
2020-01-05 09:05:13+00:00;ETH_LINK;ETH;LINK;buy;0.01337739;0.01357806;False;79035;LINKETH;0.0134106;0.01344249;0.24825470439300545;0.024825470439300546
2020-01-01 17:09:09+00:00;ETH_LINK;ETH;LINK;buy;0.01394294;0.01415209;False;77538;LINKETH;0.0134106;0.01344249;-3.817989606209295;-0.3817989606209295
2019-12-28 07:17:35+00:00;ETH_LINK;ETH;LINK;buy;0.0147105;0.01493116;False;75896;LINKETH;0.0134106;0.01344249;-8.83654532476801;-0.883654532476801
2020-01-05 08:51:34+00:00;ETH_DATA;ETH;DATA;buy;0.00012772;0.00012964;False;79032;DATAETH;0.00011873;0.0001197;-7.038834951456309;-0.7038834951456309
2020-01-05 08:50:05+00:00;BTC_VIBE;BTC;VIBE;buy;1.72e-06;1.75e-06;False;79028;VIBEBTC;1.73e-06;1.74e-06;0.581395348837205;0.0581395348837205
2020-01-05 08:46:37+00:00;BNB_DASH;BNB;DASH;buy;3.474;3.52611001;False;79030;DASHBNB;3.492;3.515;0.5181347150259086;0.05181347150259086
2020-01-05 08:45:36+00:00;BTC_BEAM;BTC;BEAM;buy;7.240000000000001e-05;7.349e-05;False;79029;BEAMBTC;7.21e-05;7.25e-05;-0.4143646408839743;-0.04143646408839743
2020-01-01 18:21:15+00:00;BTC_BEAM;BTC;BEAM;buy;7.52e-05;7.633e-05;False;77558;BEAMBTC;7.21e-05;7.25e-05;-4.122340425531917;-0.4122340425531917
2019-12-28 07:34:37+00:00;BTC_BEAM;BTC;BEAM;buy;7.77e-05;7.887e-05;False;75902;BEAMBTC;7.21e-05;7.25e-05;-7.207207207207205;-0.7207207207207205
2020-01-05 08:44:35+00:00;USDT_BTT;USDT;BTT;buy;0.0002991;0.00030359;False;79027;BTTUSDT;0.000295;0.0002953;-1.3707790036776828;-0.1370779003677683
2020-01-05 08:38:34+00:00;BTC_HBAR;BTC;HBAR;buy;1.57e-06;1.6e-06;False;79026;HBARBTC;1.56e-06;1.57e-06;-0.6369426751592329;-0.06369426751592329
2020-01-05 08:33:35+00:00;BNB_HBAR;BNB;HBAR;buy;0.0008349999999999999;0.00084753;False;79023;HBARBNB;0.000826;0.00083;-1.0778443113772198;-0.10778443113772199
2020-01-05 08:33:05+00:00;USDT_BEAM;USDT;BEAM;buy;0.5409;0.54901351;False;79022;BEAMUSDT;0.5356;0.5379;-0.9798484008134665;-0.09798484008134664
2020-01-01 21:03:07+00:00;USDT_BEAM;USDT;BEAM;buy;0.5489;0.55713351;False;77591;BEAMUSDT;0.5356;0.5379;-2.4230278739296978;-0.2423027873929698
2019-12-28 11:04:16+00:00;USDT_BEAM;USDT;BEAM;buy;0.5647;0.5731705;False;75955;BEAMUSDT;0.5356;0.5379;-5.15317867894457;-0.515317867894457
2020-01-05 08:28:34+00:00;BTC_AION;BTC;AION;buy;7.49e-06;7.61e-06;False;79020;AIONBTC;7.52e-06;7.53e-06;0.4005340453938544;0.04005340453938544
2020-01-05 08:26:35+00:00;ETH_ICX;ETH;ICX;buy;0.0008539999999999999;0.00086682;False;79019;ICXETH;0.000857;0.000862;0.35128805620608716;0.035128805620608716
2019-12-31 04:28:07+00:00;ETH_ICX;ETH;ICX;buy;0.0008880000000000002;0.00090132;False;76970;ICXETH;0.000857;0.000862;-3.4909909909910226;-0.34909909909910225
2020-01-05 08:23:35+00:00;BTC_VET;BTC;VET;buy;7.6e-07;7.8e-07;False;79018;VETBTC;7.4e-07;7.5e-07;-2.6315789473684106;-0.26315789473684104
2019-12-29 08:19:09+00:00;BTC_VET;BTC;VET;buy;8e-07;8.2e-07;False;76240;VETBTC;7.4e-07;7.5e-07;-7.499999999999986;-0.7499999999999986
2020-01-05 08:19:38+00:00;USDT_HBAR;USDT;HBAR;buy;0.01175;0.01192626;False;79017;HBARUSDT;0.01161;0.01165;-1.191489361702125;-0.1191489361702125
2019-12-28 16:22:09+00:00;USDT_HBAR;USDT;HBAR;buy;0.01444;0.0146566;False;76027;HBARUSDT;0.01161;0.01165;-19.5983379501385;-1.95983379501385
2020-01-05 08:19:05+00:00;USDT_ZIL;USDT;ZIL;buy;0.00463;0.00469945;False;78999;ZILUSDT;0.0046;0.00462;-0.6479481641468539;-0.06479481641468539
2019-12-28 14:41:11+00:00;USDT_ZIL;USDT;ZIL;buy;0.00477;0.00484155;False;76013;ZILUSDT;0.0046;0.00462;-3.5639412997903435;-0.35639412997903436
2020-01-05 08:16:06+00:00;BTC_BNT;BTC;BNT;buy;3.007e-05;3.053e-05;False;79015;BNTBTC;2.973e-05;2.989e-05;-1.1306950448952335;-0.11306950448952335
2020-01-01 12:27:36+00:00;BTC_BNT;BTC;BNT;buy;3.322e-05;3.372e-05;False;77458;BNTBTC;2.973e-05;2.989e-05;-10.505719446116785;-1.0505719446116786
2020-01-05 08:12:07+00:00;BTC_OAX;BTC;OAX;buy;7.08e-06;7.19e-06;False;79010;OAXBTC;7.24e-06;7.26e-06;2.2598870056497162;0.2259887005649716
2020-01-05 07:58:07+00:00;BTC_ZRX;BTC;ZRX;buy;2.528e-05;2.566e-05;False;79009;ZRXBTC;2.529e-05;2.535e-05;0.039556962025315556;0.003955696202531556
2019-12-29 23:46:44+00:00;BTC_ZRX;BTC;ZRX;buy;2.658e-05;2.698e-05;False;76384;ZRXBTC;2.529e-05;2.535e-05;-4.853273137697514;-0.48532731376975136
2020-01-05 07:56:11+00:00;BTC_AGI;BTC;AGI;buy;2.47e-06;2.51e-06;False;79008;AGIBTC;2.44e-06;2.45e-06;-1.214574898785429;-0.1214574898785429
2020-01-05 07:56:08+00:00;ETH_LTC;ETH;LTC;buy;0.31685;0.32160276;False;79007;LTCETH;0.31774;0.31828;0.2808900110462389;0.02808900110462389
2019-12-30 09:13:04+00:00;ETH_LTC;ETH;LTC;buy;0.32317;0.32801756;False;76669;LTCETH;0.31774;0.31828;-1.6802302193891734;-0.16802302193891733
2020-01-05 07:54:07+00:00;USDT_ICX;USDT;ICX;buy;0.1162;0.117943;False;79002;ICXUSDT;0.1155;0.1161;-0.6024096385542208;-0.06024096385542208
2020-01-05 07:48:12+00:00;USDT_EOS;USDT;EOS;buy;2.692;2.73238001;False;79005;EOSUSDT;2.6803;2.6813;-0.4346210995542492;-0.04346210995542492
2019-12-30 03:18:13+00:00;USDT_EOS;USDT;EOS;buy;2.6934;2.733801;False;76532;EOSUSDT;2.6803;2.6813;-0.48637409965100176;-0.04863740996510017
2020-01-05 07:47:09+00:00;BTC_INS;BTC;INS;buy;3.2500000000000004e-05;3.299e-05;False;79003;INSBTC;3.287e-05;3.305e-05;1.1384615384615273;0.11384615384615274
2020-01-05 07:44:07+00:00;BTC_LINK;BTC;LINK;buy;0.00024325;0.0002469;False;79001;LINKBTC;0.00024439;0.00024459;0.46865364850975766;0.04686536485097577
2020-01-01 16:36:04+00:00;BTC_LINK;BTC;LINK;buy;0.00025475;0.00025858;False;77530;LINKBTC;0.00024439;0.00024459;-4.066732090284589;-0.4066732090284589
2019-12-28 18:36:37+00:00;BTC_LINK;BTC;LINK;buy;0.00025713;0.00026099;False;76054;LINKBTC;0.00024439;0.00024459;-4.95469217905341;-0.495469217905341
2020-01-05 07:37:05+00:00;BNB_ARPA;BNB;ARPA;buy;0.000739;0.00075009;False;78998;ARPABNB;0.000739;0.00074;0.0;0.0
2020-01-01 21:17:12+00:00;BNB_ARPA;BNB;ARPA;buy;0.000778;0.00078968;False;77597;ARPABNB;0.000739;0.00074;-5.012853470437037;-0.5012853470437036
2020-01-05 07:36:05+00:00;USDT_LTC;USDT;LTC;buy;43.06;43.70590001;False;78997;LTCUSDT;42.99;43.01;-0.16256386437530068;-0.01625638643753007
2020-01-05 07:33:36+00:00;USDT_QTUM;USDT;QTUM;buy;1.649;1.67373501;False;78996;QTUMUSDT;1.631;1.632;-1.0915706488781183;-0.10915706488781182
2020-01-05 07:26:35+00:00;USDT_MTL;USDT;MTL;buy;0.2408;0.244412;False;78995;MTLUSDT;0.2357;0.2366;-2.11794019933555;-0.21179401993355498
2020-01-05 07:14:42+00:00;BTC_NEBL;BTC;NEBL;buy;5.565e-05;5.649e-05;False;78992;NEBLBTC;5.528e-05;5.561e-05;-0.6648697214734938;-0.06648697214734937
2019-12-31 01:05:20+00:00;BTC_NEBL;BTC;NEBL;buy;5.673e-05;5.759e-05;False;76851;NEBLBTC;5.528e-05;5.561e-05;-2.555966860567594;-0.2555966860567594
2020-01-05 07:13:05+00:00;ETH_KMD;ETH;KMD;buy;0.004208;0.00427113;False;78991;KMDETH;0.004257;0.004293;1.1644486692015334;0.11644486692015335
2020-01-05 07:02:34+00:00;BTC_KEY;BTC;KEY;buy;2.3e-07;2.4e-07;False;78990;KEYBTC;2.2e-07;2.3e-07;-4.347826086956516;-0.4347826086956516
2019-12-28 15:06:46+00:00;BTC_KEY;BTC;KEY;buy;2.5e-07;2.6e-07;False;76022;KEYBTC;2.2e-07;2.3e-07;-11.999999999999986;-1.1999999999999986
2020-01-05 06:55:35+00:00;BTC_XRP;BTC;XRP;buy;2.618e-05;2.658e-05;False;78989;XRPBTC;2.609e-05;2.61e-05;-0.3437738731856399;-0.03437738731856399
2020-01-01 04:21:15+00:00;BTC_XRP;BTC;XRP;buy;2.685e-05;2.726e-05;False;77317;XRPBTC;2.609e-05;2.61e-05;-2.8305400372439493;-0.28305400372439493
2020-01-05 06:54:05+00:00;USDT_ANKR;USDT;ANKR;buy;0.001454;0.00147582;False;78987;ANKRUSDT;0.001509;0.00152;3.7826685006877483;0.3782668500687748
2020-01-05 06:52:37+00:00;ETH_ETC;ETH;ETC;buy;0.035886;0.036424300000000014;False;78988;ETCETH;0.036034;0.036129;0.41241709858996956;0.04124170985899696
2020-01-05 06:46:34+00:00;BTC_FET;BTC;FET;buy;5.44e-06;5.53e-06;False;78986;FETBTC;5.29e-06;5.3e-06;-2.7573529411764497;-0.27573529411764497
2019-12-29 18:16:06+00:00;BTC_FET;BTC;FET;buy;5.88e-06;5.97e-06;False;76336;FETBTC;5.29e-06;5.3e-06;-10.03401360544217;-1.003401360544217
2020-01-05 06:46:04+00:00;BTC_ONG;BTC;ONG;buy;1.35e-05;1.371e-05;False;78982;ONGBTC;1.325e-05;1.332e-05;-1.8518518518518476;-0.18518518518518476
2020-01-05 06:45:36+00:00;BTC_LTC;BTC;LTC;buy;0.005769;0.00585554;False;78985;LTCBTC;0.005787;0.005789;0.31201248049922015;0.031201248049922015
2019-12-30 20:42:14+00:00;BTC_LTC;BTC;LTC;buy;0.005827000000000001;0.00591441;False;76808;LTCBTC;0.005787;0.005789;-0.6864595846919741;-0.06864595846919741
2020-01-05 06:42:37+00:00;USDT_ADA;USDT;ADA;buy;0.03468;0.03520021;False;78983;ADAUSDT;0.03453;0.03455;-0.4325259515571105;-0.043252595155711046
2020-01-05 06:40:34+00:00;USDT_ETC;USDT;ETC;buy;4.8749;4.94802351;False;78981;ETCUSDT;4.8763;4.8786;0.02871853781614675;0.002871853781614675
2020-01-05 06:34:05+00:00;BTC_EDO;BTC;EDO;buy;2.663e-05;2.703e-05;False;78972;EDOBTC;2.693e-05;2.698e-05;1.12654900488171;0.11265490048817099
2020-01-05 06:30:05+00:00;BTC_RLC;BTC;RLC;buy;5.317e-05;5.397e-05;False;78971;RLCBTC;5.339e-05;5.366e-05;0.41376716193342133;0.041376716193342135
2020-01-05 06:29:16+00:00;USDT_NULS;USDT;NULS;buy;0.233;0.23649501;False;78977;NULSUSDT;0.234;0.2351;0.4291845493562221;0.042918454935622206
2019-12-29 07:01:40+00:00;USDT_NULS;USDT;NULS;buy;0.249;0.25273501;False;76223;NULSUSDT;0.234;0.2351;-6.024096385542165;-0.6024096385542166
2020-01-05 06:22:23+00:00;USDT_VET;USDT;VET;buy;0.005609;0.00569314;False;78975;VETUSDT;0.005569;0.005572;-0.7131395970761218;-0.07131395970761219
2019-12-29 06:22:11+00:00;USDT_VET;USDT;VET;buy;0.005757;0.00584336;False;76206;VETUSDT;0.005569;0.005572;-3.2655897168664296;-0.32655897168664294
2020-01-05 06:22:20+00:00;USDT_ETH;USDT;ETH;buy;136.06;138.10090001;False;78974;ETHUSDT;135.1;135.12;-0.7055710715860783;-0.07055710715860783
2020-01-05 06:22:16+00:00;ETH_MTL;ETH;MTL;buy;0.0017579999999999998;0.00178438;False;78973;MTLETH;0.001742;0.001752;-0.9101251422070362;-0.09101251422070362
2020-01-05 06:20:05+00:00;USDT_DENT;USDT;DENT;buy;0.000169;0.00017154;False;78957;DENTUSDT;0.0001661;0.0001678;-1.7159763313609488;-0.17159763313609488
2020-01-05 06:00:15+00:00;USDT_CTXC;USDT;CTXC;buy;0.0699;0.07094851;False;78968;CTXCUSDT;0.0675;0.0681;-3.433476394849791;-0.3433476394849791
2020-01-05 05:57:07+00:00;BTC_ETC;BTC;ETC;buy;0.0006525000000000001;0.00066229;False;78964;ETCBTC;0.0006563;0.0006565;0.5823754789271902;0.058237547892719024
2020-01-05 05:54:07+00:00;USDT_ERD;USDT;ERD;buy;0.0016965999999999995;0.00172205;False;78961;ERDUSDT;0.0016808;0.0016824;-0.9312743133325228;-0.09312743133325227
2020-01-01 16:18:35+00:00;USDT_ERD;USDT;ERD;buy;0.0018399;0.0018675;False;77527;ERDUSDT;0.0016808;0.0016824;-8.647209087450392;-0.8647209087450392
2020-01-05 05:46:10+00:00;BNB_ZEC;BNB;ZEC;buy;2.201;2.23401501;False;78960;ZECBNB;2.178;2.184;-1.0449795547478402;-0.10449795547478402
2020-01-05 05:37:40+00:00;ETH_MFT;ETH;MFT;buy;6.36e-06;6.46e-06;False;78958;MFTETH;6.38e-06;6.39e-06;0.3144654088050345;0.03144654088050345
2019-12-29 12:23:41+00:00;ETH_MFT;ETH;MFT;buy;7.04e-06;7.15e-06;False;76280;MFTETH;6.38e-06;6.39e-06;-9.375;-0.9375
2020-01-05 05:34:07+00:00;ETH_GRS;ETH;GRS;buy;0.00121422;0.00123244;False;78956;GRSETH;0.00124176;0.00126366;2.268122745466215;0.2268122745466215
2020-01-05 05:21:37+00:00;USDT_OMG;USDT;OMG;buy;0.6298;0.63924701;False;78954;OMGUSDT;0.6288;0.6309;-0.1587805652588088;-0.01587805652588088
2019-12-29 23:57:09+00:00;USDT_OMG;USDT;OMG;buy;0.6371;0.64665651;False;76399;OMGUSDT;0.6288;0.6309;-1.3027782137811954;-0.13027782137811955
2020-01-05 04:56:06+00:00;BTC_VIA;BTC;VIA;buy;2.499e-05;2.537e-05;False;78947;VIABTC;2.525e-05;2.526e-05;1.040416166466585;0.1040416166466585
2020-01-05 04:36:05+00:00;ETH_AGI;ETH;AGI;buy;0.00013691;0.00013897;False;78943;AGIETH;0.00013394;0.00013524;-2.1693083047257176;-0.21693083047257175
2020-01-05 04:26:06+00:00;BTC_DATA;BTC;DATA;buy;2.4e-06;2.44e-06;False;78941;DATABTC;2.16e-06;2.17e-06;-9.999999999999986;-0.9999999999999986
2020-01-05 04:17:05+00:00;USDT_MATIC;USDT;MATIC;buy;0.01509;0.01531635;False;78939;MATICUSDT;0.01487;0.01488;-1.4579191517561298;-0.145791915175613
2020-01-05 04:13:35+00:00;BTC_ATOM;BTC;ATOM;buy;0.0005807000000000001;0.00058942;False;78938;ATOMBTC;0.0005681;0.0005688;-2.169795074909615;-0.2169795074909615
2020-01-01 21:57:45+00:00;BTC_ATOM;BTC;ATOM;buy;0.0006109;0.00062007;False;77605;ATOMBTC;0.0005681;0.0005688;-7.006056637747605;-0.7006056637747605
2020-01-05 04:03:37+00:00;USDT_HOT;USDT;HOT;buy;0.0006889999999999999;0.00069934;False;78935;HOTUSDT;0.0006816;0.0006825;-1.0740203193033295;-0.10740203193033296
2020-01-05 03:45:35+00:00;ETH_DLT;ETH;DLT;buy;0.00035246;0.00035775;False;78928;DLTETH;0.00038873;0.0003922;10.29052942177836;1.0290529421778358
2020-01-05 03:44:43+00:00;ETH_IOST;ETH;IOST;buy;3.647e-05;3.702e-05;False;78927;IOSTETH;3.605e-05;3.618e-05;-1.1516314779270687;-0.11516314779270687
2019-12-30 03:10:07+00:00;ETH_IOST;ETH;IOST;buy;3.774e-05;3.831e-05;False;76525;IOSTETH;3.605e-05;3.618e-05;-4.478007419183882;-0.4478007419183882
2020-01-05 03:42:34+00:00;BTC_NAV;BTC;NAV;buy;1.409e-05;1.431e-05;False;78923;NAVBTC;1.34e-05;1.347e-05;-4.897090134847417;-0.4897090134847417
2020-01-05 03:38:35+00:00;USDT_FUN;USDT;FUN;buy;0.003249;0.00329774;False;78919;FUNUSDT;0.003218;0.00323;-0.9541397353031726;-0.09541397353031726
2020-01-05 03:31:09+00:00;BTC_IOST;BTC;IOST;buy;6.7e-07;6.9e-07;False;78915;IOSTBTC;6.5e-07;6.6e-07;-2.985074626865682;-0.2985074626865682
2020-01-01 14:32:40+00:00;BTC_IOST;BTC;IOST;buy;6.8e-07;7e-07;False;77498;IOSTBTC;6.5e-07;6.6e-07;-4.411764705882334;-0.4411764705882334
2020-01-05 03:21:09+00:00;BTC_MATIC;BTC;MATIC;buy;2.03e-06;2.07e-06;False;78913;MATICBTC;2e-06;2.01e-06;-1.4778325123152882;-0.14778325123152883
2020-01-05 02:58:04+00:00;ETH_ENG;ETH;ENG;buy;0.0028809;0.00292412;False;78907;ENGETH;0.0028706;0.0028875;-0.3575271616508786;-0.035752716165087864
2020-01-05 02:51:04+00:00;ETH_NEO;ETH;NEO;buy;0.067734;0.06875002;False;78906;NEOETH;0.0674;0.067449;-0.4931053828210423;-0.04931053828210423
2019-12-30 01:23:24+00:00;ETH_NEO;ETH;NEO;buy;0.068643;0.06967265;False;76428;NEOETH;0.0674;0.067449;-1.8108182917413274;-0.18108182917413274
2020-01-05 02:45:05+00:00;BTC_ALGO;BTC;ALGO;buy;3.167e-05;3.215e-05;False;78905;ALGOBTC;3.131e-05;3.135e-05;-1.1367224502684081;-0.11367224502684081
2020-01-05 02:24:34+00:00;BTC_NEO;BTC;NEO;buy;0.001233;0.0012515;False;78903;NEOBTC;0.001225;0.001227;-0.6488240064882547;-0.06488240064882547
2019-12-29 23:50:10+00:00;BTC_NEO;BTC;NEO;buy;0.001248;0.00126672;False;76395;NEOBTC;0.001225;0.001227;-1.8429487179487154;-0.18429487179487153
2020-01-05 02:23:34+00:00;BTC_TRX;BTC;TRX;buy;1.84e-06;1.87e-06;False;78902;TRXBTC;1.83e-06;1.84e-06;-0.5434782608695627;-0.05434782608695628
2020-01-01 11:01:41+00:00;BTC_TRX;BTC;TRX;buy;1.85e-06;1.88e-06;False;77437;TRXBTC;1.83e-06;1.84e-06;-1.0810810810810807;-0.10810810810810807
2020-01-05 01:15:07+00:00;BTC_KMD;BTC;KMD;buy;7.75e-05;7.867e-05;False;78897;KMDBTC;7.76e-05;7.79e-05;0.12903225806451246;0.012903225806451247
2020-01-05 00:50:39+00:00;ETH_KNC;ETH;KNC;buy;0.0014843;0.00150657;False;78890;KNCETH;0.0014821;0.0014906;-0.1482180152260355;-0.01482180152260355
2020-01-05 00:43:04+00:00;ETH_XVG;ETH;XVG;buy;2.59e-05;2.629e-05;False;78872;XVGETH;2.556e-05;2.571e-05;-1.3127413127413234;-0.13127413127413234
2020-01-01 22:49:12+00:00;ETH_XVG;ETH;XVG;buy;2.763e-05;2.805e-05;False;77612;XVGETH;2.556e-05;2.571e-05;-7.491856677524424;-0.7491856677524424
2020-01-05 00:32:13+00:00;BTC_RDN;BTC;RDN;buy;1.609e-05;1.634e-05;False;78885;RDNBTC;1.583e-05;1.586e-05;-1.6159105034182772;-0.16159105034182772
2020-01-01 18:23:11+00:00;BTC_RDN;BTC;RDN;buy;1.678e-05;1.704e-05;False;77557;RDNBTC;1.583e-05;1.586e-05;-5.661501787842653;-0.5661501787842653
2020-01-05 00:20:14+00:00;USDT_LINK;USDT;LINK;buy;1.8312;1.858668;False;78880;LINKUSDT;1.8159;1.8172;-0.8355176933158504;-0.08355176933158504
2020-01-05 00:17:11+00:00;ETH_BTS;ETH;BTS;buy;0.00011496;0.00011669;False;78877;BTSETH;0.00011348;0.00011382;-1.2874043145441902;-0.12874043145441902
2020-01-05 00:15:20+00:00;BTC_BQX;BTC;BQX;buy;3.43e-06;3.49e-06;False;78876;BQXBTC;3.35e-06;3.37e-06;-2.332361516034993;-0.2332361516034993
2020-01-05 00:09:09+00:00;BTC_EOS;BTC;EOS;buy;0.0003622;0.00036764;False;78863;EOSBTC;0.0003608;0.0003609;-0.3865267807840951;-0.03865267807840951
2020-01-01 07:00:35+00:00;BTC_EOS;BTC;EOS;buy;0.0003628999999999999;0.00036835;False;77377;EOSBTC;0.0003608;0.0003609;-0.5786718104160542;-0.05786718104160542
2019-12-28 17:38:10+00:00;BTC_EOS;BTC;EOS;buy;0.0003619;0.00036733;False;76043;EOSBTC;0.0003608;0.0003609;-0.30395136778116694;-0.030395136778116692
2020-01-04 23:31:37+00:00;BTC_MANA;BTC;MANA;buy;4.85e-06;4.93e-06;False;78850;MANABTC;4.8e-06;4.83e-06;-1.030927835051557;-0.10309278350515569
2020-01-04 23:17:35+00:00;BTC_POWR;BTC;POWR;buy;5.1e-06;5.18e-06;False;78848;POWRBTC;4.95e-06;4.97e-06;-2.941176470588232;-0.2941176470588232
2020-01-04 22:39:15+00:00;BNB_HOT;BNB;HOT;buy;4.977e-05;5.052e-05;False;78840;HOTBNB;4.86e-05;4.897e-05;-2.3508137432187937;-0.23508137432187937
2020-01-04 22:27:08+00:00;BTC_TNT;BTC;TNT;buy;6.64e-06;6.74e-06;False;78837;TNTBTC;6.51e-06;6.53e-06;-1.9578313253011999;-0.19578313253011997
2020-01-04 22:09:05+00:00;USDT_VITE;USDT;VITE;buy;0.01174;0.0119161;False;78827;VITEUSDT;0.01147;0.0115;-2.2998296422487243;-0.22998296422487244
2020-01-04 22:02:08+00:00;BNB_BRD;BNB;BRD;buy;0.01835;0.01862526;False;78828;BRDBNB;0.01781;0.0179;-2.942779291553151;-0.29427792915531514
2020-01-04 21:58:04+00:00;BTC_SNM;BTC;SNM;buy;1.51e-06;1.54e-06;False;78826;SNMBTC;1.47e-06;1.48e-06;-2.649006622516552;-0.2649006622516552
2020-01-04 21:55:04+00:00;BTC_THETA;BTC;THETA;buy;1.274e-05;1.294e-05;False;78825;THETABTC;1.264e-05;1.266e-05;-0.7849293563579351;-0.07849293563579351
2020-01-04 21:43:34+00:00;BTC_AST;BTC;AST;buy;2.52e-06;2.56e-06;False;78824;ASTBTC;2.54e-06;2.56e-06;0.7936507936507837;0.07936507936507838
2020-01-04 21:27:38+00:00;USDT_BCH;USDT;BCH;buy;224.39;227.75585;False;78823;BCHUSDT;222.44;222.47;-0.869022683720317;-0.0869022683720317
2020-01-04 21:26:46+00:00;BTC_RCN;BTC;RCN;buy;6.32e-06;6.42e-06;False;78822;RCNBTC;6.21e-06;6.25e-06;-1.740506329113913;-0.17405063291139128
2020-01-04 21:04:40+00:00;USDT_FTM;USDT;FTM;buy;0.01068;0.01084021;False;78816;FTMUSDT;0.01047;0.01049;-1.9662921348314626;-0.19662921348314627
2019-12-31 08:27:39+00:00;USDT_FTM;USDT;FTM;buy;0.01139;0.01156086;False;77065;FTMUSDT;0.01047;0.01049;-8.0772607550483;-0.80772607550483
2020-01-04 20:58:14+00:00;BTC_PPT;BTC;PPT;buy;4.878e-05;4.952e-05;False;78814;PPTBTC;4.805e-05;4.812e-05;-1.4965149651496432;-0.14965149651496432
2020-01-04 20:58:05+00:00;ETH_SYS;ETH;SYS;buy;0.00015751;0.00015988;False;78797;SYSETH;0.0001517;0.00015345;-3.6886546885911997;-0.36886546885911997
2020-01-04 20:47:08+00:00;BNB_RCN;BNB;RCN;buy;0.003377;0.00342766;False;78800;RCNBNB;0.003296;0.00332;-2.398578620076975;-0.23985786200769751
2020-01-04 20:26:14+00:00;BNB_XTZ;BNB;XTZ;buy;0.09108;0.0924462;False;78812;XTZBNB;0.08933;0.08974;-1.9213877909529913;-0.19213877909529914
2019-12-31 20:21:04+00:00;BNB_XTZ;BNB;XTZ;buy;0.10136;0.10288041;False;77209;XTZBNB;0.08933;0.08974;-11.868587213891075;-1.1868587213891075
2020-01-04 20:22:15+00:00;ETH_LSK;ETH;LSK;buy;0.004224;0.00428737;False;78809;LSKETH;0.00427;0.004286;1.0890151515151558;0.10890151515151558
2020-01-04 20:22:12+00:00;BNB_LSK;BNB;LSK;buy;0.04124;0.0418586;False;78808;LSKBNB;0.04123;0.04196;-0.024248302618815387;-0.002424830261881539
2019-12-30 15:04:09+00:00;BNB_LSK;BNB;LSK;buy;0.04164;0.04226461;False;76750;LSKBNB;0.04123;0.04196;-0.9846301633045158;-0.09846301633045158
2020-01-04 20:19:13+00:00;USDT_ENJ;USDT;ENJ;buy;0.07821;0.07938316;False;78806;ENJUSDT;0.07752;0.07774;-0.8822401227464525;-0.08822401227464524
2020-01-04 20:06:05+00:00;BNB_LOOM;BNB;LOOM;buy;0.0012779999999999998;0.00129718;False;78796;LOOMBNB;0.001239;0.001251;-3.0516431924882568;-0.3051643192488257
2020-01-04 19:52:34+00:00;BTC_BNB;BTC;BNB;buy;0.0018765;0.00190465;False;78793;BNBBTC;0.0018874;0.0018878;0.5808686384226007;0.05808686384226007
2019-12-30 22:42:12+00:00;BTC_BNB;BTC;BNB;buy;0.0019175;0.00194627;False;76829;BNBBTC;0.0018874;0.0018878;-1.5697522816166867;-0.15697522816166867
2020-01-04 18:14:07+00:00;BNB_PERL;BNB;PERL;buy;0.001639;0.00166359;False;78762;PERLBNB;0.001632;0.001643;-0.4270896888346698;-0.04270896888346698
2020-01-04 18:11:48+00:00;BTC_LOOM;BTC;LOOM;buy;2.39e-06;2.43e-06;False;78780;LOOMBTC;2.34e-06;2.35e-06;-2.092050209205013;-0.20920502092050128
2020-01-04 18:07:55+00:00;USDT_REN;USDT;REN;buy;0.03627;0.03681405;False;78779;RENUSDT;0.03515;0.03533;-3.087951475048243;-0.3087951475048243
2020-01-04 17:58:42+00:00;BNB_BCH;BNB;BCH;buy;16.312;16.55668001;False;78777;BCHBNB;15.851;15.892;-2.826140264835715;-0.2826140264835715
2020-01-04 17:39:47+00:00;BTC_STX;BTC;STX;buy;1.296e-05;1.316e-05;False;78773;STXBTC;1.257e-05;1.261e-05;-3.0092592592592524;-0.30092592592592526
2020-01-04 17:38:46+00:00;BNB_KAVA;BNB;KAVA;buy;0.07612999999999999;0.07727195;False;78772;KAVABNB;0.07371;0.07382;-3.178773151188736;-0.31787731511887357
2020-01-04 17:24:46+00:00;ETH_CDT;ETH;CDT;buy;5.538e-05;5.622e-05;False;78765;CDTETH;5.531e-05;5.547e-05;-0.12639942217407452;-0.012639942217407451
2019-12-28 07:47:46+00:00;ETH_CDT;ETH;CDT;buy;5.579e-05;5.663e-05;False;75911;CDTETH;5.531e-05;5.547e-05;-0.8603692417996172;-0.08603692417996171
2020-01-04 17:22:50+00:00;BTC_CDT;BTC;CDT;buy;1.01e-06;1.03e-06;False;78764;CDTBTC;1e-06;1.01e-06;-0.9900990099009874;-0.09900990099009874
2020-01-04 17:21:15+00:00;ETH_ZEN;ETH;ZEN;buy;0.06063;0.06153946;False;78760;ZENETH;0.05683;0.05725;-6.267524327890499;-0.6267524327890499
2020-01-04 17:20:15+00:00;ETH_STORJ;ETH;STORJ;buy;0.0007618999999999999;0.00077333;False;78758;STORJETH;0.0007408;0.000745;-2.7693923087019243;-0.27693923087019245
2020-01-04 17:05:04+00:00;USDT_KAVA;USDT;KAVA;buy;1.0428;1.058442;False;78744;KAVAUSDT;1.0328;1.0346;-0.9589566551591986;-0.09589566551591985
2019-12-31 08:24:52+00:00;USDT_KAVA;USDT;KAVA;buy;1.1834;1.201151;False;77064;KAVAUSDT;1.0328;1.0346;-12.726043603177288;-1.2726043603177288
2020-01-04 17:02:07+00:00;BTC_ENG;BTC;ENG;buy;5.366e-05;5.447e-05;False;78753;ENGBTC;5.249e-05;5.261e-05;-2.1803950801341614;-0.21803950801341615
2020-01-04 16:50:07+00:00;BTC_MDA;BTC;MDA;buy;7.389e-05;7.5e-05;False;78750;MDABTC;7.347e-05;7.378e-05;-0.5684125050751163;-0.05684125050751163
2020-01-04 16:39:06+00:00;BTC_ARN;BTC;ARN;buy;1.867e-05;1.896e-05;False;78748;ARNBTC;1.818e-05;1.834e-05;-2.6245313336904132;-0.2624531333690413
2020-01-04 16:22:35+00:00;ETH_RDN;ETH;RDN;buy;0.0008866;0.0008999;False;78743;RDNETH;0.0008687;0.0008731;-2.0189487931423287;-0.20189487931423286
2020-01-04 16:20:04+00:00;BTC_POA;BTC;POA;buy;1.67e-06;1.7e-06;False;78740;POABTC;1.63e-06;1.64e-06;-2.3952095808383262;-0.2395209580838326
2020-01-04 16:16:45+00:00;BTC_REN;BTC;REN;buy;4.91e-06;4.99e-06;False;78741;RENBTC;4.74e-06;4.75e-06;-3.4623217922606813;-0.34623217922606814
2020-01-04 16:08:34+00:00;BTC_PERL;BTC;PERL;buy;3.06e-06;3.11e-06;False;78736;PERLBTC;3.09e-06;3.1e-06;0.9803921568627487;0.09803921568627487
2020-01-04 16:01:34+00:00;BTC_CHZ;BTC;CHZ;buy;1.11e-06;1.13e-06;False;78734;CHZBTC;1.06e-06;1.07e-06;-4.504504504504496;-0.45045045045044957
2020-01-04 15:59:42+00:00;BTC_BCH;BTC;BCH;buy;0.030314;0.03076871;False;78733;BCHBTC;0.02994;0.029955;-1.2337533812759887;-0.12337533812759886
2020-01-04 15:46:35+00:00;BTC_IOTA;BTC;IOTA;buy;2.333e-05;2.368e-05;False;78730;IOTABTC;2.297e-05;2.299e-05;-1.5430775825117848;-0.15430775825117848
2020-01-04 15:28:04+00:00;ETH_GXS;ETH;GXS;buy;0.002863;0.00290595;False;78719;GXSETH;0.002892;0.002905;1.0129235068110347;0.10129235068110347
2020-01-04 15:27:09+00:00;ETH_KEY;ETH;KEY;buy;1.273e-05;1.293e-05;False;78725;KEYETH;1.223e-05;1.233e-05;-3.9277297721916824;-0.39277297721916826
2020-01-04 15:23:07+00:00;BTC_ARDR;BTC;ARDR;buy;5.38e-06;5.47e-06;False;78724;ARDRBTC;5.18e-06;5.2e-06;-3.717472118959094;-0.3717472118959094
2019-12-29 00:14:40+00:00;BTC_ARDR;BTC;ARDR;buy;5.42e-06;5.51e-06;False;76115;ARDRBTC;5.18e-06;5.2e-06;-4.428044280442791;-0.44280442804427905
2020-01-04 15:15:11+00:00;BTC_EVX;BTC;EVX;buy;3.395e-05;3.446e-05;False;78723;EVXBTC;3.423e-05;3.425e-05;0.8247422680412484;0.08247422680412483
2020-01-04 15:00:08+00:00;BNB_XEM;BNB;XEM;buy;0.002363;0.00239845;False;78710;XEMBNB;0.002264;0.002285;-4.189589504866703;-0.4189589504866703
2020-01-04 13:22:11+00:00;ETH_ARN;ETH;ARN;buy;0.00102666;0.00104206;False;78699;ARNETH;0.00100484;0.00100931;-2.125338476223888;-0.2125338476223888
2020-01-04 13:17:05+00:00;ETH_ELF;ETH;ELF;buy;0.00040351;0.00040957;False;78678;ELFETH;0.00039137;0.00039584;-3.008599539044866;-0.3008599539044866
2020-01-04 13:14:07+00:00;BNB_IOST;BNB;IOST;buy;0.0003543;0.00035962;False;78691;IOSTBNB;0.0003475;0.0003495;-1.9192774484899786;-0.19192774484899786
2020-01-04 12:43:39+00:00;BTC_QLC;BTC;QLC;buy;1.7e-06;1.73e-06;False;78692;QLCBTC;1.64e-06;1.65e-06;-3.529411764705884;-0.3529411764705884
2020-01-04 12:37:06+00:00;BTC_BTS;BTC;BTS;buy;2.08e-06;2.12e-06;False;78682;BTSBTC;2.06e-06;2.08e-06;-0.961538461538467;-0.0961538461538467
2020-01-04 12:33:40+00:00;BTC_AMB;BTC;AMB;buy;2.36e-06;2.4e-06;False;78688;AMBBTC;2.19e-06;2.2e-06;-7.2033898305084705;-0.7203389830508471
2020-01-04 12:31:41+00:00;USDT_FET;USDT;FET;buy;0.04155;0.04217325;False;78686;FETUSDT;0.03931;0.03948;-5.391095066185315;-0.5391095066185315
2019-12-29 17:59:04+00:00;USDT_FET;USDT;FET;buy;0.04359;0.04424385;False;76333;FETUSDT;0.03931;0.03948;-9.818765771966042;-0.9818765771966043
2020-01-04 12:26:41+00:00;BTC_KAVA;BTC;KAVA;buy;0.00014155;0.00014368;False;78684;KAVABTC;0.000139;0.00013913;-1.801483574708584;-0.1801483574708584
2019-12-31 08:36:37+00:00;BTC_KAVA;BTC;KAVA;buy;0.00016288;0.00016533;False;77069;KAVABTC;0.000139;0.00013913;-14.661100196463664;-1.4661100196463663
2020-01-04 12:19:37+00:00;ETH_MDA;ETH;MDA;buy;0.0040857;0.00414699;False;78681;MDAETH;0.0040312;0.0040539;-1.3339207479746307;-0.13339207479746307
2020-01-04 12:13:41+00:00;ETH_GTO;ETH;GTO;buy;6.804e-05;6.907e-05;False;78677;GTOETH;6.861e-05;6.9e-05;0.8377425044091495;0.08377425044091495
2020-01-04 10:16:08+00:00;USDT_XRP;USDT;XRP;buy;0.19288;0.1957732;False;78653;XRPUSDT;0.19385;0.1939;0.5029033596018166;0.05029033596018166
2019-12-30 03:27:10+00:00;USDT_XRP;USDT;XRP;buy;0.19548;0.1984122;False;76536;XRPUSDT;0.19385;0.1939;-0.8338448946183661;-0.0833844894618366
2020-01-04 09:44:36+00:00;ETH_BLZ;ETH;BLZ;buy;0.00013657;0.00013862;False;78648;BLZETH;0.00012736;0.00012846;-6.743794391154722;-0.6743794391154723
2020-01-04 09:39:08+00:00;USDT_ONE;USDT;ONE;buy;0.00489;0.00496336;False;78647;ONEUSDT;0.00472;0.00474;-3.4764826175869104;-0.347648261758691
2020-01-04 09:36:14+00:00;BTC_BTG;BTC;BTG;buy;0.000733;0.0007440000000000001;False;78646;BTGBTC;0.000724;0.000725;-1.2278308321964602;-0.12278308321964601
2019-12-31 06:36:39+00:00;BTC_BTG;BTC;BTG;buy;0.0007559999999999999;0.00076735;False;77026;BTGBTC;0.000724;0.000725;-4.232804232804227;-0.4232804232804227
2020-01-04 09:11:11+00:00;ETH_SC;ETH;SC;buy;9.92e-06;1.007e-05;False;78640;SCETH;9.88e-06;9.91e-06;-0.40322580645160144;-0.040322580645160144
2020-01-04 09:01:07+00:00;BTC_ARK;BTC;ARK;buy;1.98e-05;2.01e-05;False;78629;ARKBTC;1.966e-05;1.978e-05;-0.707070707070713;-0.0707070707070713
2019-12-29 11:24:06+00:00;BTC_ARK;BTC;ARK;buy;2.084e-05;2.116e-05;False;76259;ARKBTC;1.966e-05;1.978e-05;-5.662188099808063;-0.5662188099808063
2020-01-04 08:50:09+00:00;BTC_ZEN;BTC;ZEN;buy;0.0010964;0.00111285;False;78635;ZENBTC;0.0010368;0.0010412;-5.43597227289311;-0.543597227289311
2020-01-04 08:48:12+00:00;ETH_ADA;ETH;ADA;buy;0.00025433;0.00025815;False;78637;ADAETH;0.00025558;0.00025572;0.4914874375810854;0.049148743758108536
2020-01-04 08:33:04+00:00;BNB_NEO;BNB;NEO;buy;0.6507;0.6604605;False;78627;NEOBNB;0.649;0.6509;-0.2612571077301311;-0.026125710773013112
2020-01-04 08:00:05+00:00;BNB_APPC;BNB;APPC;buy;0.002;0.00203;False;78618;APPCBNB;0.001905;0.001922;-4.75;-0.475
2020-01-04 07:57:37+00:00;BTC_NCASH;BTC;NCASH;buy;1.1e-07;1.2e-07;False;78621;NCASHBTC;1e-07;1.1e-07;-9.090909090909093;-0.9090909090909094
2019-12-31 06:56:44+00:00;BTC_NCASH;BTC;NCASH;buy;1.1e-07;1.2e-07;False;77035;NCASHBTC;1e-07;1.1e-07;-9.090909090909093;-0.9090909090909094
2020-01-04 07:12:05+00:00;ETH_AION;ETH;AION;buy;0.000439;0.00044559;False;78612;AIONETH;0.000413;0.000415;-5.922551252847384;-0.5922551252847384
2020-01-04 06:51:48+00:00;ETH_EVX;ETH;EVX;buy;0.0018827;0.00191095;False;78604;EVXETH;0.0018804;0.0018862;-0.12216497583257535;-0.012216497583257536
2020-01-04 06:42:42+00:00;BTC_KNC;BTC;KNC;buy;2.769e-05;2.811e-05;False;78600;KNCBTC;2.701e-05;2.702e-05;-2.4557602022390768;-0.24557602022390768
2020-01-04 06:28:48+00:00;ETH_LOOM;ETH;LOOM;buy;0.00014093;0.00014305;False;78595;LOOMETH;0.00012862;0.00012965;-8.734832895763844;-0.8734832895763844
2020-01-04 06:25:51+00:00;BTC_APPC;BTC;APPC;buy;3.73e-06;3.79e-06;False;78593;APPCBTC;3.59e-06;3.61e-06;-3.753351206434317;-0.3753351206434317
2020-01-04 06:25:48+00:00;BTC_ETH;BTC;ETH;buy;0.018225;0.01849838;False;78592;ETHBTC;0.018188;0.018189;-0.20301783264747542;-0.02030178326474754
2019-12-30 20:27:35+00:00;BTC_ETH;BTC;ETH;buy;0.018134;0.01840602;False;76802;ETHBTC;0.018188;0.018189;0.2977831697363911;0.029778316973639106
2020-01-04 06:08:14+00:00;USDT_DOGE;USDT;DOGE;buy;0.0020543;0.00208512;False;78584;DOGEUSDT;0.0020618;0.0020655;0.365087864479392;0.0365087864479392
2020-01-04 05:47:14+00:00;ETH_XMR;ETH;XMR;buy;0.37871;0.38439065;False;78575;XMRETH;0.38649;0.38775;2.054342372791851;0.20543423727918508
2020-01-04 05:19:39+00:00;ETH_CVC;ETH;CVC;buy;0.00014744;0.00014966;False;78558;CVCETH;0.00013937;0.00014023;-5.473412913727628;-0.5473412913727629
2020-01-04 04:57:47+00:00;ETH_ADX;ETH;ADX;buy;0.0006466;0.0006563;False;78546;ADXETH;0.0006339;0.0006368;-1.9641200123724047;-0.19641200123724048
2020-01-04 04:50:48+00:00;BTC_XMR;BTC;XMR;buy;0.006886;0.00698929;False;78543;XMRBTC;0.007043;0.007045;2.2799883822248006;0.22799883822248007
2020-01-04 04:32:07+00:00;BNB_AION;BNB;AION;buy;0.004277;0.00434116;False;78535;AIONBNB;0.00399;0.004003;-6.7103109656301285;-0.6710310965630129
2020-01-04 04:21:38+00:00;ETH_APPC;ETH;APPC;buy;0.0002059;0.00020899;False;78528;APPCETH;0.000197;0.0001987;-4.322486644001955;-0.43224866440019555
2020-01-04 04:08:04+00:00;ETH_INS;ETH;INS;buy;0.00199;0.00201985;False;78514;INSETH;0.001812;0.001828;-8.94472361809045;-0.894472361809045
2020-01-04 04:05:05+00:00;ETH_GNT;ETH;GNT;buy;0.00021686;0.00022012;False;78508;GNTETH;0.00020878;0.00021089;-3.725906114543946;-0.3725906114543946
2020-01-04 04:02:04+00:00;BTC_CVC;BTC;CVC;buy;2.67e-06;2.72e-06;False;78507;CVCBTC;2.54e-06;2.55e-06;-4.868913857677896;-0.48689138576778956
2020-01-04 03:59:05+00:00;BTC_STORJ;BTC;STORJ;buy;1.384e-05;1.405e-05;False;78505;STORJBTC;1.348e-05;1.353e-05;-2.6011560693641513;-0.2601156069364151
2020-01-04 03:52:05+00:00;BTC_ANKR;BTC;ANKR;buy;2e-07;2.1e-07;False;78502;ANKRBTC;2e-07;2.1e-07;0.0;0.0
2020-01-04 02:58:05+00:00;BNB_ICX;BNB;ICX;buy;0.00831;0.00843465;False;78451;ICXBNB;0.00823;0.00833;-0.9626955475331016;-0.09626955475331016
2020-01-04 02:54:04+00:00;BNB_EOS;BNB;EOS;buy;0.194;0.19691001;False;78446;EOSBNB;0.1909;0.1913;-1.5979381443299019;-0.15979381443299018
2020-01-04 02:53:09+00:00;BNB_LTC;BNB;LTC;buy;3.1;3.14650001;False;78471;LTCBNB;3.063;3.07;-1.1935483870967687;-0.11935483870967686
2020-01-04 02:52:40+00:00;BTC_WAN;BTC;WAN;buy;2.45e-05;2.487e-05;False;78470;WANBTC;2.4e-05;2.401e-05;-2.040816326530603;-0.20408163265306029
2020-01-04 02:47:09+00:00;ETH_WAN;ETH;WAN;buy;0.0013460000000000002;0.00136619;False;78468;WANETH;0.001317;0.00132;-2.154531946508186;-0.2154531946508186
2020-01-04 02:40:13+00:00;BTC_XLM;BTC;XLM;buy;6.22e-06;6.32e-06;False;78466;XLMBTC;6.12e-06;6.13e-06;-1.6077170418006403;-0.16077170418006403
2019-12-31 01:07:06+00:00;BTC_XLM;BTC;XLM;buy;6.29e-06;6.39e-06;False;76855;XLMBTC;6.12e-06;6.13e-06;-2.7027027027026946;-0.27027027027026945
2020-01-04 02:38:15+00:00;USDT_XLM;USDT;XLM;buy;0.04541;0.04609116;False;78464;XLMUSDT;0.04549;0.0455;0.1761726491962179;0.01761726491962179
2020-01-04 02:37:24+00:00;BTC_ENJ;BTC;ENJ;buy;1.074e-05;1.091e-05;False;78463;ENJBTC;1.044e-05;1.049e-05;-2.7932960893854784;-0.27932960893854786
2019-12-31 14:41:07+00:00;BTC_ENJ;BTC;ENJ;buy;1.174e-05;1.192e-05;False;77166;ENJBTC;1.044e-05;1.049e-05;-11.073253833049392;-1.1073253833049392
2020-01-04 02:20:30+00:00;BNB_ENJ;BNB;ENJ;buy;0.005782;0.00586873;False;78452;ENJBNB;0.005541;0.005558;-4.168107921134549;-0.4168107921134549
2019-12-31 13:04:10+00:00;BNB_ENJ;BNB;ENJ;buy;0.006095000000000001;0.00618643;False;77146;ENJBNB;0.005541;0.005558;-9.08941755537326;-0.9089417555373259
2020-01-04 02:17:07+00:00;BNB_MATIC;BNB;MATIC;buy;0.0011269;0.00114381;False;78423;MATICBNB;0.0010593;0.001062;-5.998757653740341;-0.5998757653740341
2020-01-04 00:41:59+00:00;BTC_HOT;BTC;HOT;buy;1e-07;1.1e-07;False;78401;HOTBTC;9e-08;1e-07;-10.0;-1.0
2020-01-04 00:10:53+00:00;ETH_BQX;ETH;BQX;buy;0.0002096;0.00021275;False;78373;BQXETH;0.0001839;0.0001853;-12.261450381679381;-1.2261450381679382
2020-01-04 00:08:52+00:00;BTC_HC;BTC;HC;buy;0.0001495;0.00015175;False;78370;HCBTC;0.0001431;0.0001434;-4.2809364548494955;-0.42809364548494955
2019-12-31 09:39:14+00:00;BTC_HC;BTC;HC;buy;0.0001543;0.00015662;False;77086;HCBTC;0.0001431;0.0001434;-7.258587167854827;-0.7258587167854827
2020-01-04 00:04:42+00:00;BTC_OMG;BTC;OMG;buy;8.57e-05;8.699e-05;False;78364;OMGBTC;8.48e-05;8.51e-05;-1.0501750291715126;-0.10501750291715126
2019-12-31 06:37:41+00:00;BTC_OMG;BTC;OMG;buy;8.57e-05;8.699e-05;False;77028;OMGBTC;8.48e-05;8.51e-05;-1.0501750291715126;-0.10501750291715126
2020-01-04 00:03:44+00:00;BTC_SC;BTC;SC;buy;1.9e-07;2e-07;False;78363;SCBTC;1.8e-07;1.9e-07;-5.26315789473685;-0.526315789473685
2019-12-31 01:36:59+00:00;BTC_SC;BTC;SC;buy;1.9e-07;2e-07;False;76879;SCBTC;1.8e-07;1.9e-07;-5.26315789473685;-0.526315789473685
2020-01-03 21:43:35+00:00;ETH_BCPT;ETH;BCPT;buy;0.00016311;0.00016556;False;78344;BCPTETH;0.00015748;0.00015987;-3.4516583900435336;-0.3451658390043534
2020-01-03 21:28:05+00:00;BNB_ONT;BNB;ONT;buy;0.0388;0.03938201;False;78337;ONTBNB;0.03814;0.03828;-1.7010309278350633;-0.17010309278350633
2020-01-03 21:25:05+00:00;USDT_NPXS;USDT;NPXS;buy;0.0001246;0.00012647;False;78335;NPXSUSDT;0.0001212;0.0001213;-2.7287319422150773;-0.27287319422150774
2019-12-30 05:55:37+00:00;USDT_NPXS;USDT;NPXS;buy;0.00012790000000000002;0.00012982;False;76606;NPXSUSDT;0.0001212;0.0001213;-5.238467552775617;-0.5238467552775617
2020-01-03 20:18:04+00:00;BTC_QKC;BTC;QKC;buy;4e-07;4.1e-07;False;78332;QKCBTC;3.8e-07;3.9e-07;-5.0;-0.5
2020-01-03 19:03:09+00:00;BTC_QTUM;BTC;QTUM;buy;0.0002221;0.00022544;False;78331;QTUMBTC;0.0002193;0.0002198;-1.2606933813597578;-0.1260693381359758
2019-12-30 04:04:10+00:00;BTC_QTUM;BTC;QTUM;buy;0.0002254;0.00022879;False;76552;QTUMBTC;0.0002193;0.0002198;-2.7062999112688573;-0.27062999112688574
2020-01-03 18:28:08+00:00;BTC_GNT;BTC;GNT;buy;3.95e-06;4.01e-06;False;78321;GNTBTC;3.81e-06;3.83e-06;-3.544303797468359;-0.3544303797468359
2020-01-03 15:28:07+00:00;BTC_DCR;BTC;DCR;buy;0.002357;0.00239236;False;78301;DCRBTC;0.002388;0.002393;1.3152312261349124;0.13152312261349125
2020-01-03 15:02:35+00:00;BNB_CELR;BNB;CELR;buy;0.000263;0.00026695;False;78298;CELRBNB;0.0002509;0.0002532;-4.600760456273761;-0.46007604562737614
2020-01-03 13:54:38+00:00;ETH_RCN;ETH;RCN;buy;0.0003624;0.00036784;False;78293;RCNETH;0.00034152;0.00034441;-5.761589403973517;-0.5761589403973517
2020-01-03 13:54:35+00:00;BTC_NAS;BTC;NAS;buy;4.9700000000000015e-05;5.045e-05;False;78292;NASBTC;4.94e-05;4.97e-05;-0.603621730382315;-0.060362173038231506
2019-12-30 02:03:21+00:00;BTC_NAS;BTC;NAS;buy;5.14e-05;5.218e-05;False;76461;NASBTC;4.94e-05;4.97e-05;-3.891050583657588;-0.3891050583657588
2020-01-03 13:50:34+00:00;BNB_REN;BNB;REN;buy;0.002778;0.00281968;False;78291;RENBNB;0.002505;0.002522;-9.827213822894166;-0.9827213822894165
2020-01-03 13:37:04+00:00;USDT_KEY;USDT;KEY;buy;0.001703;0.00172855;False;78284;KEYUSDT;0.001657;0.001666;-2.7011156782149044;-0.27011156782149043
2019-12-30 07:45:07+00:00;USDT_KEY;USDT;KEY;buy;0.001745;0.00177118;False;76637;KEYUSDT;0.001657;0.001666;-5.042979942693421;-0.5042979942693421
2020-01-03 13:36:35+00:00;ETH_VIBE;ETH;VIBE;buy;9.95e-05;0.000101;False;78281;VIBEETH;9.5e-05;9.56e-05;-4.522613065326624;-0.4522613065326624
2020-01-03 13:26:35+00:00;BTC_POE;BTC;POE;buy;2.3e-07;2.4e-07;False;78277;POEBTC;2.1e-07;2.2e-07;-8.695652173913032;-0.8695652173913032
2020-01-03 13:21:06+00:00;BNB_NEBL;BNB;NEBL;buy;0.0303;0.0307545;False;78255;NEBLBNB;0.02926;0.02972;-3.43234323432344;-0.343234323432344
2020-01-03 13:13:39+00:00;USDT_HC;USDT;HC;buy;1.082;1.09823001;False;78272;HCUSDT;1.0627;1.0667;-1.7837338262477118;-0.17837338262477118
2019-12-30 04:43:07+00:00;USDT_HC;USDT;HC;buy;1.1182;1.13497301;False;76571;HCUSDT;1.0627;1.0667;-4.963333929529611;-0.4963333929529611
2020-01-03 12:41:11+00:00;BTC_SYS;BTC;SYS;buy;2.85e-06;2.9e-06;False;78265;SYSBTC;2.78e-06;2.79e-06;-2.4561403508771775;-0.24561403508771776
2020-01-03 12:30:15+00:00;BTC_ONE;BTC;ONE;buy;6.7e-07;6.9e-07;False;78252;ONEBTC;6.3e-07;6.4e-07;-5.97014925373135;-0.5970149253731349
2020-01-03 11:40:07+00:00;BNB_BCPT;BNB;BCPT;buy;0.001616;0.00164024;False;78227;BCPTBNB;0.001517;0.001539;-6.126237623762378;-0.6126237623762378
2020-01-03 11:26:08+00:00;BTC_BAT;BTC;BAT;buy;2.61e-05;2.65e-05;False;78222;BATBTC;2.54e-05;2.544e-05;-2.6819923371647434;-0.26819923371647436
2020-01-03 11:25:42+00:00;BTC_PIVX;BTC;PIVX;buy;3.391e-05;3.442e-05;False;78221;PIVXBTC;3.151e-05;3.155e-05;-7.077558242406354;-0.7077558242406354
2020-01-03 11:25:38+00:00;BNB_BAT;BNB;BAT;buy;0.01405;0.01426075;False;78220;BATBNB;0.01346;0.0135;-4.19928825622776;-0.419928825622776
2020-01-03 11:16:05+00:00;BTC_TFUEL;BTC;TFUEL;buy;3.4e-07;3.5e-07;False;78214;TFUELBTC;3.2e-07;3.3e-07;-5.882352941176464;-0.5882352941176464
2019-12-30 17:33:06+00:00;BTC_TFUEL;BTC;TFUEL;buy;3.4e-07;3.5e-07;False;76766;TFUELBTC;3.2e-07;3.3e-07;-5.882352941176464;-0.5882352941176464
2020-01-03 11:04:11+00:00;BTC_STORM;BTC;STORM;buy;1.5e-07;1.6e-07;False;78211;STORMBTC;1.4e-07;1.5e-07;-6.666666666666657;-0.6666666666666657
2019-12-30 02:32:41+00:00;BTC_STORM;BTC;STORM;buy;1.6e-07;1.7e-07;False;76493;STORMBTC;1.4e-07;1.5e-07;-12.5;-1.25
2020-01-03 10:58:05+00:00;BTC_RVN;BTC;RVN;buy;3.13e-06;3.18e-06;False;78209;RVNBTC;3.1e-06;3.11e-06;-0.9584664536741343;-0.09584664536741343
2020-01-03 07:57:07+00:00;ETH_NULS;ETH;NULS;buy;0.00178052;0.00180723;False;78158;NULSETH;0.00171777;0.00173852;-3.5242513423045096;-0.35242513423045096
2019-12-30 11:23:04+00:00;ETH_NULS;ETH;NULS;buy;0.00187542;0.00190356;False;76689;NULSETH;0.00171777;0.00173852;-8.406117029785335;-0.8406117029785335
2020-01-03 07:54:09+00:00;BTC_ICX;BTC;ICX;buy;1.551e-05;1.575e-05;False;78169;ICXBTC;1.558e-05;1.563e-05;0.45132172791748815;0.04513217279174882
2020-01-03 07:52:10+00:00;ETH_BNB;ETH;BNB;buy;0.104515;0.10608273;False;78166;BNBETH;0.103708;0.103791;-0.7721379706262326;-0.07721379706262325
2019-12-30 06:48:05+00:00;ETH_BNB;ETH;BNB;buy;0.105944;0.10753316;False;76625;BNBETH;0.103708;0.103791;-2.1105489692667874;-0.21105489692667873
2020-01-03 07:22:42+00:00;ETH_TNT;ETH;TNT;buy;0.0004322;0.00043869;False;78154;TNTETH;0.0003571;0.00036033;-17.376214715409517;-1.7376214715409517
2020-01-03 07:07:07+00:00;ETH_STORM;ETH;STORM;buy;8.21e-06;8.34e-06;False;78140;STORMETH;7.77e-06;7.84e-06;-5.359317904993901;-0.5359317904993901
2020-01-03 06:59:38+00:00;BNB_RVN;BNB;RVN;buy;0.0016879999999999998;0.00171333;False;78139;RVNBNB;0.001644;0.00165;-2.6066350710900394;-0.26066350710900393
2020-01-03 03:18:21+00:00;BTC_CND;BTC;CND;buy;8.6e-07;8.8e-07;False;78095;CNDBTC;8e-07;8.1e-07;-6.976744186046531;-0.6976744186046531
2020-01-03 03:09:05+00:00;BTC_ERD;BTC;ERD;buy;2.5e-07;2.6e-07;False;78082;ERDBTC;2.2e-07;2.3e-07;-11.999999999999986;-1.1999999999999986
2019-12-30 19:13:51+00:00;BTC_ERD;BTC;ERD;buy;2.7e-07;2.8e-07;False;76793;ERDBTC;2.2e-07;2.3e-07;-18.51851851851852;-1.8518518518518519
2020-01-03 01:36:04+00:00;BTC_ADA;BTC;ADA;buy;4.71e-06;4.79e-06;False;78062;ADABTC;4.64e-06;4.65e-06;-1.4861995753715576;-0.14861995753715576
2020-01-03 01:27:12+00:00;BTC_DOGE;BTC;DOGE;buy;2.9e-07;3e-07;False;78055;DOGEBTC;2.7e-07;2.8e-07;-6.896551724137922;-0.6896551724137922
2020-01-03 01:12:07+00:00;USDT_PAX;USDT;PAX;buy;1.0032;1.01824801;False;78045;PAXUSDT;0.9996;0.9999;-0.3588516746411585;-0.03588516746411585
2019-12-30 01:23:20+00:00;USDT_PAX;USDT;PAX;buy;1.0016;1.01662401;False;76427;PAXUSDT;0.9996;0.9999;-0.19968051118209473;-0.019968051118209474
2020-01-03 00:51:43+00:00;ETH_SNT;ETH;SNT;buy;7.072e-05;7.179e-05;False;78031;SNTETH;6.701e-05;6.721e-05;-5.246040723981906;-0.5246040723981906
2020-01-03 00:41:34+00:00;BTC_BCD;BTC;BCD;buy;4.411e-05;4.478e-05;False;78024;BCDBTC;4.187e-05;4.211e-05;-5.078213557016568;-0.5078213557016568
2020-01-03 00:35:05+00:00;BTC_FTM;BTC;FTM;buy;1.48e-06;1.51e-06;False;78007;FTMBTC;1.41e-06;1.42e-06;-4.729729729729726;-0.47297297297297264
2019-12-30 13:06:47+00:00;BTC_FTM;BTC;FTM;buy;1.58e-06;1.61e-06;False;76725;FTMBTC;1.41e-06;1.42e-06;-10.759493670886059;-1.0759493670886058
2020-01-03 00:24:09+00:00;BNB_FTM;BNB;FTM;buy;0.000785;0.00079678;False;78004;FTMBNB;0.000746;0.000749;-4.968152866242036;-0.4968152866242036
2020-01-03 00:24:05+00:00;BNB_GTO;BNB;GTO;buy;0.000679;0.00068919;False;77995;GTOBNB;0.000663;0.000668;-2.3564064801178404;-0.23564064801178403
2020-01-03 00:08:15+00:00;BTC_NXS;BTC;NXS;buy;2.473e-05;2.511e-05;False;77993;NXSBTC;2.4e-05;2.413e-05;-2.95188030731903;-0.295188030731903
2020-01-03 00:07:07+00:00;BTC_LEND;BTC;LEND;buy;3e-06;3.05e-06;False;77990;LENDBTC;2.31e-06;2.33e-06;-23.0;-2.3
2020-01-02 23:45:05+00:00;BTC_TROY;BTC;TROY;buy;9.4e-07;9.6e-07;False;77973;TROYBTC;8.6e-07;8.7e-07;-8.510638297872333;-0.8510638297872333
2020-01-02 23:08:34+00:00;BTC_SKY;BTC;SKY;buy;5.917e-05;6.006e-05;False;77964;SKYBTC;5.802e-05;5.818e-05;-1.94355247591686;-0.19435524759168601
2020-01-02 23:06:05+00:00;ETH_NAS;ETH;NAS;buy;0.002755;0.00279633;False;77950;NASETH;0.002705;0.002736;-1.8148820326678816;-0.18148820326678816
2019-12-29 08:09:05+00:00;ETH_NAS;ETH;NAS;buy;0.002908;0.00295163;False;76232;NASETH;0.002705;0.002736;-6.980742778541966;-0.6980742778541966
2020-01-02 23:05:36+00:00;BNB_SKY;BNB;SKY;buy;0.03159;0.03206386;False;77962;SKYBNB;0.03071;0.03096;-2.785691674580562;-0.2785691674580562
2020-01-02 22:53:37+00:00;BTC_BCPT;BTC;BCPT;buy;3.17e-06;3.22e-06;False;77959;BCPTBTC;2.88e-06;2.89e-06;-9.148264984227126;-0.9148264984227126
2020-01-02 22:45:07+00:00;BTC_MITH;BTC;MITH;buy;1.02e-06;1.04e-06;False;77956;MITHBTC;9.8e-07;9.9e-07;-3.9215686274509807;-0.3921568627450981
2019-12-28 09:57:07+00:00;BTC_MITH;BTC;MITH;buy;1.07e-06;1.09e-06;False;75936;MITHBTC;9.8e-07;9.9e-07;-8.411214953271028;-0.8411214953271028
2020-01-02 22:41:14+00:00;BTC_NKN;BTC;NKN;buy;2.77e-06;2.82e-06;False;77955;NKNBTC;2.42e-06;2.43e-06;-12.63537906137185;-1.263537906137185
2020-01-02 22:41:11+00:00;BTC_STRAT;BTC;STRAT;buy;4.35e-05;4.416e-05;False;77954;STRATBTC;4.051e-05;4.06e-05;-6.873563218390814;-0.6873563218390814
2019-12-29 07:17:44+00:00;BTC_STRAT;BTC;STRAT;buy;5.059e-05;5.135e-05;False;76226;STRATBTC;4.051e-05;4.06e-05;-19.924886341174158;-1.9924886341174157
2020-01-02 22:41:08+00:00;BTC_LRC;BTC;LRC;buy;3.14e-06;3.19e-06;False;77953;LRCBTC;2.96e-06;2.97e-06;-5.73248407643311;-0.573248407643311
2020-01-02 22:28:05+00:00;ETH_FUN;ETH;FUN;buy;2.577e-05;2.616e-05;False;77949;FUNETH;2.377e-05;2.393e-05;-7.760962359332538;-0.7760962359332538
2020-01-02 22:16:05+00:00;BNB_XLM;BNB;XLM;buy;0.0033740000000000003;0.00342462;False;77946;XLMBNB;0.003241;0.003251;-3.9419087136929534;-0.3941908713692953
2020-01-02 21:43:05+00:00;BNB_NKN;BNB;NKN;buy;0.001485;0.00150728;False;77937;NKNBNB;0.001283;0.001292;-13.602693602693606;-1.3602693602693605
2020-01-02 21:07:18+00:00;BNB_XRP;BNB;XRP;buy;0.01439;0.01460585;False;77938;XRPBNB;0.01381;0.01384;-4.03057678943712;-0.403057678943712
2020-01-02 20:50:09+00:00;BNB_OMG;BNB;OMG;buy;0.0457;0.0463855;False;77935;OMGBNB;0.04474;0.04539;-2.1006564551422144;-0.21006564551422144
2020-01-02 20:16:35+00:00;BNB_TRX;BNB;TRX;buy;0.000987;0.00100181;False;77928;TRXBNB;0.000971;0.000972;-1.621073961499505;-0.16210739614995048
2020-01-02 20:04:04+00:00;BTC_MFT;BTC;MFT;buy;1.2e-07;1.3e-07;False;77920;MFTBTC;1.1e-07;1.2e-07;-8.333333333333329;-0.8333333333333328
2020-01-02 19:59:39+00:00;BTC_GTO;BTC;GTO;buy;1.27e-06;1.29e-06;False;77926;GTOBTC;1.25e-06;1.26e-06;-1.5748031496062822;-0.15748031496062823
2020-01-02 19:36:04+00:00;BNB_ONE;BNB;ONE;buy;0.0003682;0.00037373;False;77913;ONEBNB;0.0003371;0.0003389;-8.446496469310162;-0.8446496469310162
2020-01-02 19:35:10+00:00;BTC_AE;BTC;AE;buy;1.798e-05;1.825e-05;False;77918;AEBTC;1.778e-05;1.781e-05;-1.1123470522803274;-0.11123470522803273
2020-01-02 19:04:08+00:00;ETH_XEM;ETH;XEM;buy;0.00024855;0.00025228;False;77911;XEMETH;0.00023487;0.00023599;-5.503922751961369;-0.5503922751961369
2020-01-02 18:03:10+00:00;BNB_ADA;BNB;ADA;buy;0.002488;0.00252533;False;77903;ADABNB;0.002461;0.002467;-1.0852090032154393;-0.10852090032154393
2020-01-02 16:13:17+00:00;BTC_FUEL;BTC;FUEL;buy;4.2e-07;4.3e-07;False;77898;FUELBTC;3.7e-07;3.8e-07;-11.904761904761898;-1.1904761904761898
2020-01-02 16:12:12+00:00;ETH_BAT;ETH;BAT;buy;0.0014995999999999998;0.0015220999999999998;False;77896;BATETH;0.00139455;0.0014012;-7.005201387036536;-0.7005201387036536
2020-01-02 15:55:10+00:00;ETH_PPT;ETH;PPT;buy;0.00296;0.00300441;False;77894;PPTETH;0.002641;0.002661;-10.777027027027032;-1.077702702702703
2020-01-02 15:45:36+00:00;ETH_STRAT;ETH;STRAT;buy;0.002455;0.00249183;False;77891;STRATETH;0.002222;0.002235;-9.490835030549903;-0.9490835030549902
2020-01-02 15:37:04+00:00;BNB_MITH;BNB;MITH;buy;0.0005650000000000001;0.00057348;False;77881;MITHBNB;0.000519;0.00053;-8.141592920354;-0.8141592920354
2020-01-02 15:17:42+00:00;BTC_FUN;BTC;FUN;buy;4.9e-07;5e-07;False;77884;FUNBTC;4.3e-07;4.4e-07;-12.24489795918366;-1.224489795918366
2020-01-02 15:03:34+00:00;BTC_WPR;BTC;WPR;buy;8.7e-07;8.9e-07;False;77879;WPRBTC;8e-07;8.1e-07;-8.045977011494259;-0.8045977011494259
2020-01-02 14:56:35+00:00;BTC_PHB;BTC;PHB;buy;5.3e-07;5.4e-07;False;77876;PHBBTC;5e-07;5.1e-07;-5.660377358490564;-0.5660377358490564
2019-12-29 00:35:39+00:00;BTC_PHB;BTC;PHB;buy;5.4e-07;5.5e-07;False;76122;PHBBTC;5e-07;5.1e-07;-7.407407407407419;-0.7407407407407419
2020-01-02 12:47:22+00:00;ETH_WAVES;ETH;WAVES;buy;0.007887;0.00800531;False;77854;WAVESETH;0.006829;0.006863;-13.414479523266124;-1.3414479523266123
2020-01-02 12:47:19+00:00;BTC_WAVES;BTC;WAVES;buy;0.000143;0.00014515;False;77853;WAVESBTC;0.0001244;0.0001246;-13.006993006993014;-1.3006993006993013
2020-01-02 12:47:15+00:00;BNB_WAVES;BNB;WAVES;buy;0.07597999999999999;0.07711971;False;77852;WAVESBNB;0.06582;0.06616;-13.371939984206364;-1.3371939984206365
2020-01-02 12:46:17+00:00;USDT_WAVES;USDT;WAVES;buy;1.025;1.040375;False;77851;WAVESUSDT;0.9229;0.926;-9.96097560975609;-0.9960975609756091
2020-01-02 12:46:13+00:00;USDT_MITH;USDT;MITH;buy;0.00745;0.00756176;False;77850;MITHUSDT;0.00729;0.00732;-2.1476510067114134;-0.21476510067114135
2019-12-29 07:09:04+00:00;USDT_MITH;USDT;MITH;buy;0.007809999999999998;0.00792715;False;76220;MITHUSDT;0.00729;0.00732;-6.65813060179255;-0.665813060179255
2020-01-02 12:40:13+00:00;BTC_OST;BTC;OST;buy;1.49e-06;1.52e-06;False;77848;OSTBTC;1.4e-06;1.41e-06;-6.040268456375841;-0.6040268456375841
2020-01-02 12:35:39+00:00;BNB_BAND;BNB;BAND;buy;0.01778;0.01804671;False;77844;BANDBNB;0.01644;0.0166;-7.536557930258724;-0.7536557930258724
2020-01-02 12:12:00+00:00;ETH_DOCK;ETH;DOCK;buy;5.758e-05;5.845e-05;False;77829;DOCKETH;5.421e-05;5.477e-05;-5.852726641194863;-0.5852726641194863
2020-01-02 11:54:39+00:00;ETH_NANO;ETH;NANO;buy;0.005133;0.00521;False;77824;NANOETH;0.004975;0.004994;-3.0781219559711843;-0.3078121955971184
2020-01-02 11:41:34+00:00;BTC_BAND;BTC;BAND;buy;3.334e-05;3.385e-05;False;77821;BANDBTC;3.106e-05;3.113e-05;-6.838632273545301;-0.6838632273545301
2020-01-02 10:40:07+00:00;BTC_SNGLS;BTC;SNGLS;buy;9.6e-07;9.8e-07;False;77805;SNGLSBTC;9.3e-07;9.4e-07;-3.125;-0.3125
2019-12-29 04:49:10+00:00;BTC_SNGLS;BTC;SNGLS;buy;1.04e-06;1.06e-06;False;76181;SNGLSBTC;9.3e-07;9.4e-07;-10.57692307692308;-1.057692307692308
2020-01-02 10:28:07+00:00;BNB_NANO;BNB;NANO;buy;0.04919;0.04992785;False;77802;NANOBNB;0.04796;0.0482;-2.5005082333807565;-0.25005082333807566
2020-01-02 10:00:37+00:00;ETH_RLC;ETH;RLC;buy;0.003184;0.00323177;False;77796;RLCETH;0.002929;0.002948;-8.00879396984925;-0.800879396984925
2020-01-02 09:50:36+00:00;BTC_DOCK;BTC;DOCK;buy;1.05e-06;1.07e-06;False;77792;DOCKBTC;9.8e-07;9.9e-07;-6.666666666666657;-0.6666666666666657
2020-01-02 09:41:10+00:00;ETH_OMG;ETH;OMG;buy;0.00476;0.00483141;False;77789;OMGETH;0.00465;0.004674;-2.310924369747923;-0.2310924369747923
2019-12-28 14:26:07+00:00;ETH_OMG;ETH;OMG;buy;0.004922999999999999;0.00499685;False;76007;OMGETH;0.00465;0.004674;-5.545399146861655;-0.5545399146861655
2020-01-02 09:35:05+00:00;BTC_ARPA;BTC;ARPA;buy;1.47e-06;1.5e-06;False;77780;ARPABTC;1.39e-06;1.4e-06;-5.442176870748284;-0.5442176870748284
2020-01-02 09:27:07+00:00;BNB_WIN;BNB;WIN;buy;6.93e-06;7.04e-06;False;77784;WINBNB;6.6e-06;6.61e-06;-4.761904761904745;-0.4761904761904745
2020-01-02 09:26:43+00:00;BTC_ONT;BTC;ONT;buy;7.269999999999999e-05;7.38e-05;False;77785;ONTBTC;7.21e-05;7.22e-05;-0.8253094910591301;-0.082530949105913
2020-01-02 09:21:04+00:00;USDT_TROY;USDT;TROY;buy;0.0067975;0.00689947;False;77774;TROYUSDT;0.0064105;0.0064106;-5.693269584406011;-0.5693269584406011
2020-01-02 09:05:07+00:00;ETH_NPXS;ETH;NPXS;buy;9.6e-07;9.8e-07;False;77777;NPXSETH;8.9e-07;9e-07;-7.291666666666657;-0.7291666666666657
2019-12-29 01:14:04+00:00;ETH_NPXS;ETH;NPXS;buy;9.9e-07;1.01e-06;False;76131;NPXSETH;8.9e-07;9e-07;-10.101010101010104;-1.0101010101010104
2020-01-02 07:43:34+00:00;BTC_XEM;BTC;XEM;buy;4.54e-06;4.61e-06;False;77759;XEMBTC;4.28e-06;4.29e-06;-5.726872246696047;-0.5726872246696046
2020-01-02 07:26:09+00:00;ETH_ENJ;ETH;ENJ;buy;0.00060919;0.00061833;False;77756;ENJETH;0.00057337;0.00057646;-5.87993893530755;-0.5879938935307549
2020-01-02 07:17:09+00:00;BTC_XVG;BTC;XVG;buy;5.1e-07;5.2e-07;False;77755;XVGBTC;4.6e-07;4.7e-07;-9.803921568627459;-0.9803921568627458
2019-12-28 14:27:07+00:00;BTC_XVG;BTC;XVG;buy;5.2e-07;5.3e-07;False;76008;XVGBTC;4.6e-07;4.7e-07;-11.538461538461533;-1.1538461538461533
2020-01-02 07:05:09+00:00;USDT_WIN;USDT;WIN;buy;9.31e-05;9.45e-05;False;77753;WINUSDT;9.24e-05;9.28e-05;-0.7518796992481214;-0.07518796992481214
2020-01-02 06:57:06+00:00;BTC_CMT;BTC;CMT;buy;1.54e-06;1.57e-06;False;77749;CMTBTC;1.5e-06;1.51e-06;-2.597402597402592;-0.2597402597402592
2020-01-02 03:14:47+00:00;ETH_ZIL;ETH;ZIL;buy;3.486e-05;3.539e-05;False;77704;ZILETH;3.411e-05;3.417e-05;-2.151462994836507;-0.2151462994836507
2020-01-02 03:11:46+00:00;ETH_QTUM;ETH;QTUM;buy;0.012312;0.01249669;False;77702;QTUMETH;0.012066;0.012095;-1.9980506822612085;-0.19980506822612085
2019-12-29 06:40:04+00:00;ETH_QTUM;ETH;QTUM;buy;0.012792;0.01298388;False;76198;QTUMETH;0.012066;0.012095;-5.675422138836765;-0.5675422138836765
2020-01-02 03:02:43+00:00;ETH_SKY;ETH;SKY;buy;0.00329;0.00333935;False;77699;SKYETH;0.00319;0.0032;-3.0395136778115415;-0.30395136778115417
2020-01-02 02:29:04+00:00;ETH_XLM;ETH;XLM;buy;0.00034783;0.00035305;False;77668;XLMETH;0.00033617;0.000337;-3.3522122876117635;-0.3352212287611763
2020-01-02 02:02:12+00:00;ETH_XRP;ETH;XRP;buy;0.00148062;0.00150283;False;77678;XRPETH;0.00143394;0.00143584;-3.1527333144223206;-0.3152733314422321
2020-01-02 01:48:37+00:00;BTC_NANO;BTC;NANO;buy;9.32e-05;9.46e-05;False;77673;NANOBTC;9.07e-05;9.09e-05;-2.682403433476395;-0.2682403433476395
2020-01-02 01:21:41+00:00;BTC_ZIL;BTC;ZIL;buy;6.4e-07;6.5e-07;False;77666;ZILBTC;6.2e-07;6.3e-07;-3.125;-0.3125
2019-12-29 03:29:34+00:00;BTC_ZIL;BTC;ZIL;buy;6.5e-07;6.6e-07;False;76167;ZILBTC;6.2e-07;6.3e-07;-4.615384615384613;-0.46153846153846134
2020-01-02 01:13:44+00:00;BTC_MTH;BTC;MTH;buy;1.35e-06;1.38e-06;False;77662;MTHBTC;1.32e-06;1.33e-06;-2.2222222222222143;-0.22222222222222143
2020-01-02 01:01:14+00:00;BTC_NULS;BTC;NULS;buy;3.212e-05;3.261e-05;False;77659;NULSBTC;3.147e-05;3.165e-05;-2.0236612702366017;-0.20236612702366016
2019-12-28 09:28:07+00:00;BTC_NULS;BTC;NULS;buy;3.55e-05;3.604e-05;False;75934;NULSBTC;3.147e-05;3.165e-05;-11.352112676056336;-1.1352112676056336
2020-01-02 00:02:09+00:00;ETH_BNT;ETH;BNT;buy;0.001833;0.0018605;False;77634;BNTETH;0.001631;0.001649;-11.020185488270585;-1.1020185488270584
2020-01-01 23:36:07+00:00;BNB_ATOM;BNB;ATOM;buy;0.32299999999999995;0.32784501;False;77627;ATOMBNB;0.3008;0.3014;-6.873065015479867;-0.6873065015479867
2020-01-01 23:21:39+00:00;ETH_CMT;ETH;CMT;buy;8.636e-05;8.766e-05;False;77625;CMTETH;8.236e-05;8.298e-05;-4.631773969430299;-0.46317739694302984
2020-01-01 21:15:08+00:00;USDT_XTZ;USDT;XTZ;buy;1.37;1.39055001;False;77594;XTZUSDT;1.2536;1.2558;-8.496350364963504;-0.8496350364963504
2020-01-01 21:06:09+00:00;USDT_ATOM;USDT;ATOM;buy;4.422;4.48833;False;77592;ATOMUSDT;4.219;4.222;-4.590682948891896;-0.4590682948891896
2019-12-28 07:33:35+00:00;USDT_ATOM;USDT;ATOM;buy;4.6530000000000005;4.722795;False;75900;ATOMUSDT;4.219;4.222;-9.327315710294428;-0.9327315710294428
2020-01-01 20:48:05+00:00;ETH_TRX;ETH;TRX;buy;0.00010104;0.00010256;False;77587;TRXETH;0.00010079;0.00010084;-0.24742676167853972;-0.024742676167853972
2020-01-01 17:42:39+00:00;BTC_COS;BTC;COS;buy;1.32e-06;1.34e-06;False;77545;COSBTC;1.24e-06;1.25e-06;-6.0606060606060765;-0.6060606060606076
2020-01-01 15:57:34+00:00;ETH_LRC;ETH;LRC;buy;0.0001706;0.00017316;False;77523;LRCETH;0.00016237;0.000163;-4.824150058616652;-0.48241500586166525
2020-01-01 15:12:08+00:00;BNB_COS;BNB;COS;buy;0.0006900000000000001;0.00070035;False;77507;COSBNB;0.000661;0.000666;-4.20289855072464;-0.420289855072464
2020-01-01 12:27:06+00:00;ETH_BCD;ETH;BCD;buy;0.00244;0.00247661;False;77457;BCDETH;0.0023;0.00233;-5.737704918032776;-0.5737704918032775
2020-01-01 12:04:06+00:00;USDT_COS;USDT;COS;buy;0.00953;0.00967296;False;77449;COSUSDT;0.00926;0.00933;-2.8331584470094526;-0.2833158447009453
2020-01-01 11:43:04+00:00;USDT_DUSK;USDT;DUSK;buy;0.0424;0.04303601;False;77439;DUSKUSDT;0.0397;0.0399;-6.367924528301899;-0.6367924528301898
2020-01-01 10:47:05+00:00;BTC_CELR;BTC;CELR;buy;5.1e-07;5.2e-07;False;77425;CELRBTC;4.7e-07;4.8e-07;-7.843137254901947;-0.7843137254901947
2019-12-28 08:51:05+00:00;BTC_CELR;BTC;CELR;buy;5.2e-07;5.3e-07;False;75916;CELRBTC;4.7e-07;4.8e-07;-9.615384615384613;-0.9615384615384613
2020-01-01 09:29:06+00:00;ETH_QSP;ETH;QSP;buy;7.449e-05;7.561e-05;False;77416;QSPETH;7.124e-05;7.157e-05;-4.363001745200705;-0.4363001745200705
2020-01-01 04:49:13+00:00;BTC_COCOS;BTC;COCOS;buy;9e-08;1e-07;False;77329;COCOSBTC;7e-08;8e-08;-22.222222222222214;-2.2222222222222214
2019-12-28 17:32:07+00:00;BTC_COCOS;BTC;COCOS;buy;9e-08;1e-07;False;76040;COCOSBTC;7e-08;8e-08;-22.222222222222214;-2.2222222222222214
2019-12-31 18:49:35+00:00;BNB_DUSK;BNB;DUSK;buy;0.00325;0.00329875;False;77193;DUSKBNB;0.00284;0.00285;-12.615384615384613;-1.2615384615384613
2019-12-31 17:27:04+00:00;USDT_RVN;USDT;RVN;buy;0.02324;0.0235886;False;77190;RVNUSDT;0.02306;0.02311;-0.7745266781411289;-0.07745266781411289
2019-12-31 13:12:04+00:00;BNB_STEEM;BNB;STEEM;buy;0.0094;0.00954101;False;77137;STEEMBNB;0.0088;0.00886;-6.38297872340425;-0.638297872340425
2019-12-31 12:37:41+00:00;ETH_STEEM;ETH;STEEM;buy;0.000995;0.00100993;False;77138;STEEMETH;0.000913;0.000921;-8.241206030150764;-0.8241206030150764
2019-12-31 11:14:07+00:00;BTC_STEEM;BTC;STEEM;buy;1.793e-05;1.82e-05;False;77119;STEEMBTC;1.665e-05;1.669e-05;-7.13887339654211;-0.7138873396542109
2019-12-31 11:06:06+00:00;ETH_BTG;ETH;BTG;buy;0.041591;0.04221487;False;77113;BTGETH;0.039679;0.040155;-4.597148421533504;-0.4597148421533504
2019-12-31 09:56:22+00:00;USDT_MFT;USDT;MFT;buy;0.000907;0.00092061;False;77094;MFTUSDT;0.00086;0.000865;-5.181918412348409;-0.518191841234841
2019-12-31 07:16:10+00:00;BTC_TOMO;BTC;TOMO;buy;6.814e-05;6.917e-05;False;77042;TOMOBTC;6.412e-05;6.417e-05;-5.899618432638675;-0.5899618432638676
2019-12-30 17:13:11+00:00;BTC_LSK;BTC;LSK;buy;8.02e-05;8.141e-05;False;76769;LSKBTC;7.78e-05;7.8e-05;-2.992518703241899;-0.2992518703241899
2019-12-30 16:30:05+00:00;BNB_ERD;BNB;ERD;buy;0.00013813;0.00014021;False;76757;ERDBNB;0.00011971;0.00012027;-13.335263881850437;-1.3335263881850437
2019-12-30 12:22:37+00:00;USDT_BAND;USDT;BAND;buy;0.2508;0.25456201;False;76705;BANDUSDT;0.2309;0.232;-7.934609250398736;-0.7934609250398736
2019-12-30 12:05:05+00:00;USDT_NANO;USDT;NANO;buy;0.6811;0.69131651;False;76697;NANOUSDT;0.6723;0.6753;-1.2920276024078703;-0.12920276024078703
2019-12-30 09:06:44+00:00;USDT_BAT;USDT;BAT;buy;0.1965;0.19944751;False;76663;BATUSDT;0.1888;0.1892;-3.9185750636132326;-0.39185750636132327
2019-12-30 09:04:36+00:00;USDT_CELR;USDT;CELR;buy;0.0037;0.00375551;False;76660;CELRUSDT;0.00352;0.00353;-4.864864864864856;-0.4864864864864856
2019-12-30 04:37:05+00:00;USDT_NEO;USDT;NEO;buy;9.153;9.29029501;False;76564;NEOUSDT;9.107;9.11;-0.5025674642193962;-0.05025674642193963
2019-12-29 23:47:05+00:00;USDT_ZRX;USDT;ZRX;buy;0.1965;0.19944751;False;76387;ZRXUSDT;0.1877;0.1883;-4.478371501272264;-0.44783715012722636
2019-12-29 18:48:36+00:00;ETH_ZRX;ETH;ZRX;buy;0.00147933;0.00150152;False;76346;ZRXETH;0.0013888;0.00139255;-6.11966227954548;-0.611966227954548
2019-12-29 15:51:35+00:00;USDT_COCOS;USDT;COCOS;buy;0.000633;0.0006425;False;76322;COCOSUSDT;0.00058;0.000583;-8.372827804107416;-0.8372827804107417
2019-12-29 15:03:08+00:00;BTC_DNT;BTC;DNT;buy;7.6e-07;7.8e-07;False;76311;DNTBTC;7.4e-07;7.5e-07;-2.6315789473684106;-0.26315789473684104
2019-12-29 13:10:06+00:00;BTC_GXS;BTC;GXS;buy;5.409e-05;5.491e-05;False;76288;GXSBTC;5.254e-05;5.271e-05;-2.865594379737459;-0.2865594379737459
2019-12-29 12:27:13+00:00;ETH_NCASH;ETH;NCASH;buy;6.23e-06;6.33e-06;False;76281;NCASHETH;5.53e-06;5.54e-06;-11.235955056179762;-1.1235955056179763
2019-12-29 11:46:49+00:00;BTC_GAS;BTC;GAS;buy;0.0001311;0.00013307;False;76271;GASBTC;0.0001271;0.0001277;-3.051106025934402;-0.3051106025934402
2019-12-29 11:29:20+00:00;ETH_MANA;ETH;MANA;buy;0.00027;0.00027405;False;76267;MANAETH;0.00026314;0.00026457;-2.5407407407407447;-0.25407407407407445
2019-12-29 08:47:07+00:00;ETH_ARDR;ETH;ARDR;buy;0.00031245;0.00031714;False;76239;ARDRETH;0.00028404;0.000286;-9.092654824771955;-0.9092654824771955
2019-12-29 06:43:14+00:00;ETH_ONT;ETH;ONT;buy;0.004175;0.00423763;False;76218;ONTETH;0.003968;0.003971;-4.958083832335319;-0.49580838323353194
2019-12-29 02:56:05+00:00;ETH_MCO;ETH;MCO;buy;0.031455000000000004;0.03192683;False;76156;MCOETH;0.031219;0.031407;-0.7502781751708909;-0.07502781751708909
2019-12-29 02:48:04+00:00;ETH_DENT;ETH;DENT;buy;1.3e-06;1.32e-06;False;76152;DENTETH;1.23e-06;1.24e-06;-5.384615384615387;-0.5384615384615387
2019-12-28 17:17:08+00:00;USDT_IOST;USDT;IOST;buy;0.0051270000000000005;0.00520391;False;76039;IOSTUSDT;0.004878;0.004881;-4.856641310708028;-0.4856641310708028
